date,order_id,item_name,quantity,Amount
07-10-2022,2001,electric kettle,1,1914
07-10-2022,2002,st container,2,240
07-10-2022,2002,st cb utensil,2,1000
07-10-2022,2003,st Puron,1,315
07-10-2022,2003,st Oil Jar,1,520
07-10-2022,2003,st container,3,230
07-10-2022,2003,polport,1,475
07-10-2022,2003,Lighter,2,290
07-10-2022,2003,cb Handle,3,580
07-10-2022,2004,container,8,1760
07-10-2022,2004,Bucket,2,740
07-10-2022,2005,Lighter,1,140
07-10-2022,2007,saucepan,1,2990
07-10-2022,2008,utensil,1,1140
07-10-2022,2008,lota,1,770
07-10-2022,2008,lota,1,630
08-10-2022,2009,Spin utensil Resin,1,130
08-10-2022,2009,blender,1,1550
08-10-2022,2010,container,3,900
08-10-2022,2010,Butter Pot,2,198
08-10-2022,2011,toilet brush,2,300
08-10-2022,2011,tawa,1,1165
08-10-2022,2011,st Cooker container,1,260
08-10-2022,2011,st cb idli utensil,1,1350
08-10-2022,2011,soap dispenser,1,395
08-10-2022,2011,saucepan,1,420
08-10-2022,2011,cover,1,80
08-10-2022,2011,clips,1,315
08-10-2022,2011,chopping board,1,350
08-10-2022,2012,mug,6,595
08-10-2022,2013,st tea strainer,3,270
08-10-2022,2013,st spoon,12,760
08-10-2022,2013,st masala spoon,6,176
08-10-2022,2013,saucepan,1,689
08-10-2022,2013,dinner plate,6,3294
08-10-2022,2013,dinner plate,6,810
08-10-2022,2013,bowls,6,2850
08-10-2022,2013,bowls,6,510
08-10-2022,2013,bowls,6,480
08-10-2022,2014,st utensil,2,1010
08-10-2022,2014,st container,2,225
08-10-2022,2014,utensil,2,2630
08-10-2022,2015,st utensil ,1,485
08-10-2022,2015,glass stand,1,160
08-10-2022,2016,st container,3,725
08-10-2022,2017,st pan,1,150
08-10-2022,2017,frypan,1,795
08-10-2022,2017,floor mop,2,580
08-10-2022,2017,cling silva,1,160
08-10-2022,2017,aluminium utensil,1,190
08-10-2022,2017,aluminium utensil,1,125
08-10-2022,2018,st masala spoon,6,130
08-10-2022,2018,scissor,1,71
08-10-2022,2018,jar,3,897
08-10-2022,2019,scrub,1,45
08-10-2022,2019,scrub,1,10
08-10-2022,2019,melamine spoon,5,125
08-10-2022,2020,rawson tea spoon,6,270
08-10-2022,2021,baking wrap,3,297
08-10-2022,2022,small plate,18,1530
08-10-2022,2022,dinner plate,18,2160
08-10-2022,2022,bowls,18,1530
08-10-2022,2023,basket,1,570
08-10-2022,2024,jug,1,1370
08-10-2022,2025,st bottle,1,400
08-10-2022,2025,electric kettle,1,1890
08-10-2022,2026,tawa,1,1890
08-10-2022,2027,tawa,1,1730
08-10-2022,2027,milk mug,2,290
08-10-2022,2027,chopping board,2,665
08-10-2022,2027,bowls,3,160
08-10-2022,2028,mug,4,460
08-10-2022,2028,jar,3,68
08-10-2022,2028,brush,1,50
08-10-2022,2029,st utensil ,1,500
08-10-2022,2029,st container,2,200
08-10-2022,2030,milk mug,1,180
08-10-2022,2031,bowls,3,595
08-10-2022,2032,aluminium tasla,1,425
08-10-2022,2033,st utensil,2,460
08-10-2022,2033,st container,1,920
08-10-2022,2033,st container,1,185
08-10-2022,2033,container,5,360
08-10-2022,2033,chopper,1,389
08-10-2022,2034,st container,1,810
08-10-2022,2034,lockonth,2,1050
08-10-2022,2034,container,1,1054
08-10-2022,2034,casrol,1,880
08-10-2022,2035,stool,1,500
08-10-2022,2035,st brush,2,90
08-10-2022,2035,curry bowl,2,1550
08-10-2022,2035,container,3,260
08-10-2022,2035,brush,2,87
08-10-2022,2036,mug,2,105
08-10-2022,2036,bucket,2,750
08-10-2022,2036,bowls,2,1355
09-10-2022,2037,tray,1,260
09-10-2022,2037,tray,1,100
09-10-2022,2037,slicer,1,1625
09-10-2022,2038,kit,1,563
09-10-2022,2039,cancel,0,0
09-10-2022,2040,steamer,1,2230
09-10-2022,2040,plates,3,480
09-10-2022,2040,glass,1,30
09-10-2022,2041,st bottle,1,1055
09-10-2022,2041,glass,6,755
09-10-2022,2042,tiffin,10,5000
09-10-2022,2043,scrub,3,135
09-10-2022,2043,mug,1,165
09-10-2022,2043,hotnet,5,355
09-10-2022,2043,ceramic plates,1,875
09-10-2022,2043,ceramic bowls,2,275
09-10-2022,2043,bowls,4,1985
09-10-2022,2043,bottle,3,540
09-10-2022,2044,st cooker,1,3520
09-10-2022,2044,dyer,1,1195
09-10-2022,2044,cooker ring,1,280
09-10-2022,2044,cooker container,2,610
09-10-2022,2045,tiffin,1,885
09-10-2022,2045,spoons,6,259
09-10-2022,2045,spoons,6,169
09-10-2022,2045,clips,1,155
09-10-2022,2046,polport,1,635
09-10-2022,2046,aluminium utensil,1,340
09-10-2022,2046,aluminium utensil,1,320
09-10-2022,2047,sink net,1,100
09-10-2022,2047,chopper,1,269
09-10-2022,2048,strainer,1,90
09-10-2022,2048,spetula,1,245
09-10-2022,2049,flask,1,895
09-10-2022,2049,bottle,1,195
09-10-2022,2049,basket,1,497
09-10-2022,2050,nonstick utensil,1,1390
09-10-2022,2051,tray,1,60
09-10-2022,2051,plastic basket,1,165
09-10-2022,2051,frypan,1,1380
09-10-2022,2051,clips,2,210
09-10-2022,2052,tadka pan,1,380
09-10-2022,2052,plastic coat,5,124
09-10-2022,2052,grater,1,230
09-10-2022,2052,container,2,470
09-10-2022,2052,bowls,2,430
09-10-2022,2052,aluminium roll,1,180
09-10-2022,2053,wooden spoon,1,380
09-10-2022,2053,plastic coat,1,160
09-10-2022,2053,oil stand,1,275
09-10-2022,2053,oil dispenser,1,460
09-10-2022,2054,milk mug,2,300
09-10-2022,2054,cutlery,8,520
09-10-2022,2054,bowls,8,1360
09-10-2022,2055,wineglass,6,650
09-10-2022,2055,teaspoons,6,169
09-10-2022,2055,spoons,6,259
09-10-2022,2055,glass jar,3,725
09-10-2022,2055,glass,6,365
09-10-2022,2055,baby spoons,6,199
09-10-2022,2056,melamine plate,6,585
09-10-2022,2057,plates,6,690
09-10-2022,2057,glass,6,640
09-10-2022,2057,bowls,12,1020
09-10-2022,2058,tea strainer,1,75
09-10-2022,2058,glass,1,121
09-10-2022,2058,dustbin,1,319
09-10-2022,2058,cover,2,360
09-10-2022,2059,sink net,1,100
09-10-2022,2060,stand,1,250
09-10-2022,2061,scrub,3,40
09-10-2022,2061,Lighter,1,125
09-10-2022,2061,jar,6,120
09-10-2022,2062,st container,1,995
09-10-2022,2062,scissor,1,53
09-10-2022,2063,plastic bucket,1,220
09-10-2022,2064,st utensil lid,1,175
09-10-2022,2065,ceramic plates,1,375
09-10-2022,2065,ceramic bowls,1,115
09-10-2022,2066,kit,1,230
09-10-2022,2067,glass jar,6,500
09-10-2022,2068,st strainer,2,725
09-10-2022,2068,soup spoon,6,180
09-10-2022,2068,plastic bottles,5,1065
09-10-2022,2068,oil dispenser,1,500
09-10-2022,2068,nonstick tawa,1,1570
09-10-2022,2068,ha tawa,1,1395
09-10-2022,2068,cover,3,680
09-10-2022,2068,apron,1,100
11-10-2022,2069,bowls,12,1096
11-10-2022,2070,st strainer,1,230
11-10-2022,2071,scissor,1,103
11-10-2022,2071,mug,1,70
11-10-2022,2071,kit,1,165
11-10-2022,2071,bucket,1,120
11-10-2022,2071,bucket,1,475
11-10-2022,2072,zip pouch,1,100
11-10-2022,2072,plastic container,3,1189
11-10-2022,2072,LnL container,1,710
11-10-2022,2073,st container,2,715
11-10-2022,2073,knife,1,90
11-10-2022,2073,dyer,1,775
11-10-2022,2073,container,3,360
11-10-2022,2073,container,2,220
11-10-2022,2074,spoons,60,995
11-10-2022,2074,spoons,12,169
11-10-2022,2074,cooker ring,1,40
11-10-2022,2075,LnL container,3,705
11-10-2022,2076,bowls,3,1590
11-10-2022,2077,plastic container,2,40
11-10-2022,2077,bottle,2,248
11-10-2022,2078,st utensil,3,1315
11-10-2022,2078,sponge,1,65
11-10-2022,2078,scrub,1,20
11-10-2022,2078,scotchbrite micro wipe,2,375
11-10-2022,2078,oil dispenser,1,495
11-10-2022,2079,st sugar tong,1,66
11-10-2022,2079,st serving spoon,3,377
11-10-2022,2079,gasket,2,220
11-10-2022,2079,cooker container,1,270
11-10-2022,2080,table bottle set,1,499
11-10-2022,2081,LnL container,2,1200
11-10-2022,2082,flask,1,666
11-10-2022,2083,st cover,1,290
11-10-2022,2084,teaspoons,6,216
11-10-2022,2084,st container,1,845
11-10-2022,2084,st basin,1,340
11-10-2022,2084,soda spoon,6,259
11-10-2022,2084,plates,5,485
11-10-2022,2084,plastic container,5,185
11-10-2022,2084,blender utensil,1,725
11-10-2022,2085,st tea strainer,1,80
11-10-2022,2085,st grater,1,95
11-10-2022,2085,st glass jar,6,108
11-10-2022,2085,LnL container,2,1010
11-10-2022,2085,LnL container,2,890
11-10-2022,2085,coffeespoons,6,129
11-10-2022,2085,bowls,6,2694
11-10-2022,2086,st serving spoon,3,295
11-10-2022,2086,utensil,1,2190
11-10-2022,2087,st container,1,145
11-10-2022,2088,tawa,1,1370
11-10-2022,2088,st utensil,1,1850
11-10-2022,2088,st utensil,1,1375
11-10-2022,2088,cookserve,1,1225
11-10-2022,2089,stand,2,92
11-10-2022,2089,jar,6,678
11-10-2022,2090,st spoon,6,216
11-10-2022,2090,st spoon,6,195
11-10-2022,2090,st container,1,225
11-10-2022,2090,st bowl,2,67
11-10-2022,2090,plates,4,660
11-10-2022,2090,cupsaucer,6,800
11-10-2022,2091,st tasla,1,400
11-10-2022,2091,st lemon squeezer,1,140
11-10-2022,2091,st hot stand,4,460
11-10-2022,2091,st cover,1,100
11-10-2022,2091,st container,1,165
11-10-2022,2091,st bowl,1,80
11-10-2022,2092,st spoon,1,80
11-10-2022,2092,st deep funnel,1,160
11-10-2022,2092,spetula,1,50
11-10-2022,2092,scissor,1,203
11-10-2022,2092,plastic stool,1,290
11-10-2022,2092,plastic spoon,1,40
11-10-2022,2092,plastic soap box,1,50
11-10-2022,2092,plastic bucket,2,325
11-10-2022,2092,container,1,199
11-10-2022,2092,brush,1,42
11-10-2022,2093,mug,2,90
11-10-2022,2093,ceramic bowls,3,975
11-10-2022,2094,tray,2,105
11-10-2022,2094,st papad net,1,275
11-10-2022,2095,tray,1,145
11-10-2022,2096,spoons,3,105
11-10-2022,2096,Lighter,3,485
11-10-2022,2097,st Cooker container,3,660
11-10-2022,2098,flask,1,922
11-10-2022,2099,floor mop,1,450
11-10-2022,2100,st tea strainer,1,95
11-10-2022,2100,coffee mug,6,310
11-10-2022,2101,wiper,1,240
11-10-2022,2101,spoons,2,75
11-10-2022,2101,jug,1,115
11-10-2022,2102,casrol,5,11000
12-10-2022,2103,st chalfatta,1,900
12-10-2022,2103,jar,6,60
12-10-2022,2103,jar,6,72
12-10-2022,2104,spoons,2,50
12-10-2022,2104,scrub,1,20
12-10-2022,2104,mug,1,160
12-10-2022,2104,knife,1,145
12-10-2022,2104,bowls,2,95
12-10-2022,2104,appam,1,798
12-10-2022,2105,sink net,1,90
12-10-2022,2105,pot oil,1,300
12-10-2022,2105,Lighter,1,125
12-10-2022,2105,chopping board,1,315
12-10-2022,2106,container,4,380
12-10-2022,2106,container,4,280
12-10-2022,2107,oil stand,1,460
12-10-2022,2108,tiffin,1,1008
12-10-2022,2108,bottle,1,32
12-10-2022,2109,toilet roll,4,280
12-10-2022,2109,sink net,1,100
12-10-2022,2110,st spoon,4,400
12-10-2022,2110,aluminium tasla,1,288
12-10-2022,2111,tawa,1,1250
12-10-2022,2112,st tea strainer,2,190
12-10-2022,2112,plates,6,1470
12-10-2022,2112,container,2,165
12-10-2022,2112,bowls,4,584
12-10-2022,2113,mug,2,80
12-10-2022,2113,glass,6,2150
12-10-2022,2113,bucket,3,720
12-10-2022,2114,dishwasher lead,1,1195
12-10-2022,2115,st fork,6,125
12-10-2022,2115,bucket,2,705
12-10-2022,2115,bowls,4,1500
12-10-2022,2116,wiper,1,170
12-10-2022,2116,st bottle,1,788
12-10-2022,2117,container,6,376
12-10-2022,2118,bucket,1,380
12-10-2022,2119,tawa,1,915
12-10-2022,2120,bucket,1,210
12-10-2022,2121,utensil,1,215
12-10-2022,2121,st tong,1,156
12-10-2022,2121,st cover,1,75
12-10-2022,2121,polport,1,450
12-10-2022,2121,container,1,13
12-10-2022,2122,glass,6,450
12-10-2022,2123,toilet brush,1,260
12-10-2022,2124,mug,6,540
12-10-2022,2124,milk mug,2,300
12-10-2022,2124,glass,6,516
12-10-2022,2125,tub,1,560
12-10-2022,2126,nonstick tawa,1,960
12-10-2022,2126,mug,3,450
12-10-2022,2126,misc,2,68
12-10-2022,2127,st milk cooker,1,950
12-10-2022,2127,st utensil,1,800
12-10-2022,2127,frypan,1,795
12-10-2022,2128,tissues,2,100
12-10-2022,2128,knife,1,195
12-10-2022,2128,kitchen roll,4,588
12-10-2022,2128,jug,1,700
12-10-2022,2129,ha utensil,8,8545
12-10-2022,2130,uttapa ,1,730
13-10-2022,2131,refil set,1,450
13-10-2022,2132,cooker,1,1575
13-10-2022,2133,plastic soap box,1,80
13-10-2022,2133,coffee pot,1,949
13-10-2022,2134,pudding set,1,1100
13-10-2022,2134,dessert set,1,1335
13-10-2022,2134,coffee mug,12,1790
13-10-2022,2134,casrol,1,1395
13-10-2022,2134,bowls,12,2265
13-10-2022,2135,triple utensil,1,3130
13-10-2022,2135,triple utensil,1,3200
13-10-2022,2135,triple utensil,1,1850
13-10-2022,2135,aluminium utensil,1,640
13-10-2022,2136,st strainer,2,160
13-10-2022,2136,st glass,6,480
13-10-2022,2136,st cb utensil,3,1585
13-10-2022,2136,scrub,1,100
13-10-2022,2136,plates,6,810
13-10-2022,2136,plates,6,1500
13-10-2022,2136,oil dispenser,1,485
13-10-2022,2137,mixer,1,5875
13-10-2022,2138,Lighter,1,160
13-10-2022,2138,knife,1,275
13-10-2022,2139,roll set,1,243
13-10-2022,2140,st cb utensil,1,155
13-10-2022,2140,spetula,1,245
13-10-2022,2140,Lighter,1,160
13-10-2022,2141,tiffin,1,320
13-10-2022,2141,sink net,1,150
13-10-2022,2141,cloth stand,1,2000
13-10-2022,2141,bucket,1,280
13-10-2022,2142,tongue cleaner,2,288
13-10-2022,2142,teaspoons,6,169
13-10-2022,2142,teaspoons,6,205
13-10-2022,2142,sponge wipe,2,430
13-10-2022,2142,small plate,6,2394
13-10-2022,2142,pyrex boar,2,598
13-10-2022,2142,pyrex boar,1,499
13-10-2022,2142,pyrex boar,1,249
13-10-2022,2142,basket,2,470
13-10-2022,2142,basket,1,365
13-10-2022,2143,sink net,1,100
13-10-2022,2143,container,1,800
13-10-2022,2144,tray,2,105
13-10-2022,2144,st net cover,1,150
13-10-2022,2144,soap dispenser,1,395
13-10-2022,2144,plates cover,3,65
13-10-2022,2144,gas net,1,65
13-10-2022,2144,expresso kit,1,584
13-10-2022,2144,container,2,720
13-10-2022,2145,spoons,1,45
13-10-2022,2145,bowls,2,380
13-10-2022,2145,bowls,2,135
13-10-2022,2146,zip pouch,1,120
13-10-2022,2146,mug,6,690
13-10-2022,2146,container,2,270
13-10-2022,2147,bottle,1,375
13-10-2022,2148,container,2,120
13-10-2022,2149,mug,6,415
13-10-2022,2150,bucket,1,295
13-10-2022,2151,st utensil,1,485
13-10-2022,2151,st cb chetty,1,430
13-10-2022,2152,appam,1,730
13-10-2022,2152,aluminium utensil,1,625
13-10-2022,2153,mug set,2,960
13-10-2022,2153,fishplate,1,1295
13-10-2022,2153,ceramic plates,5,2875
13-10-2022,2154,window wiper,1,315
13-10-2022,2154,toilet brush,2,280
13-10-2022,2154,glass,3,90
13-10-2022,2154,floor wiper,1,480
13-10-2022,2154,bowls,3,975
13-10-2022,2155,tray,2,710
13-10-2022,2155,coffee mug,12,690
13-10-2022,2155,coaster set,1,300
13-10-2022,2156,toothbrush,1,165
13-10-2022,2156,tbrush container,1,250
13-10-2022,2156,glass,6,310
13-10-2022,2156,frypan,1,612
13-10-2022,2156,cloth brush,1,55
13-10-2022,2157,spoons,12,410
13-10-2022,2157,plates,3,360
13-10-2022,2157,platebox,2,150
13-10-2022,2157,plate container,5,140
13-10-2022,2157,brush,1,40
13-10-2022,2157,bowls,6,180
13-10-2022,2157,bowls,6,270
13-10-2022,2157,6in1 grater,1,230
13-10-2022,2158,wave,2,70
13-10-2022,2158,towel,1,110
13-10-2022,2158,st cover,1,150
13-10-2022,2158,st cover,1,70
13-10-2022,2158,saucepan,1,320
13-10-2022,2158,rice spoon,1,120
13-10-2022,2158,polport,1,390
13-10-2022,2158,gasket,2,370
13-10-2022,2158,brush,1,60
14-10-2022,2159,tawa,1,870
14-10-2022,2159,st container,1,320
14-10-2022,2159,plastic container,2,50
14-10-2022,2159,mug,4,160
14-10-2022,2159,jar,6,132
14-10-2022,2159,jar,6,210
14-10-2022,2159,bucket,1,250
14-10-2022,2160,towel,1,104
14-10-2022,2160,st milk cooker,1,1050
14-10-2022,2160,plastic dustbin,1,280
14-10-2022,2160,peeler,1,60
14-10-2022,2160,hot stand,2,125
14-10-2022,2160,container,1,150
14-10-2022,2160,akhand diya,1,290
14-10-2022,2161,st cover,1,65
14-10-2022,2161,st container,1,285
14-10-2022,2161,jar,3,348
14-10-2022,2161,jar,3,510
14-10-2022,2161,jar,2,140
14-10-2022,2161,glassjar,1,65
14-10-2022,2162,pudding set,1,650
14-10-2022,2162,glass,3,1130
14-10-2022,2162,coffeeset,1,895
14-10-2022,2162,bowls,1,1530
14-10-2022,2162,bowls,2,580
14-10-2022,2163,jar,1,1520
14-10-2022,2164,st utensil,1,900
14-10-2022,2164,bowls,2,135
14-10-2022,2165,st container,2,215
14-10-2022,2165,bowls,2,85
14-10-2022,2166,flask,1,880
14-10-2022,2167,jar,2,312
14-10-2022,2168,st tea strainer,1,95
14-10-2022,2168,st serving spoon,2,163
14-10-2022,2168,st cooker,1,3025
14-10-2022,2168,microwave cover,1,197
14-10-2022,2168,knife,1,87
14-10-2022,2168,glass bowl,1,200
14-10-2022,2168,cooker valve,2,70
14-10-2022,2168,cooker ring,2,70
14-10-2022,2168,chopping board,1,240
14-10-2022,2169,st tea strainer,2,190
14-10-2022,2169,st cover,2,150
14-10-2022,2169,scrub,1,45
14-10-2022,2169,ha utensil,2,1750
14-10-2022,2170,scrub,1,10
14-10-2022,2170,Lighter,1,140
14-10-2022,2171,plastic bowl,2,40
14-10-2022,2171,garbage bag,3,258
14-10-2022,2172,masala spoon,4,100
14-10-2022,2172,jar,6,130
14-10-2022,2172,container,2,270
14-10-2022,2173,st container,1,320
14-10-2022,2174,container,4,270
14-10-2022,2175,tray,1,180
14-10-2022,2175,mug,6,415
14-10-2022,2175,melamine bowl,1,225
14-10-2022,2175,cloth stand,1,3600
14-10-2022,2176,st utensil,1,375
14-10-2022,2176,st glass jar,2,230
14-10-2022,2176,coffeespoons,1,275
14-10-2022,2176,bucket,1,220
14-10-2022,2177,towel,1,60
14-10-2022,2177,toilet brush,1,260
14-10-2022,2177,st hot stand,4,200
14-10-2022,2177,spray bottle,1,55
14-10-2022,2177,scissor,1,176
14-10-2022,2177,plates,1,290
14-10-2022,2177,plastic container,2,184
14-10-2022,2177,LnL container,1,445
14-10-2022,2177,glass wiper,1,315
14-10-2022,2177,cloth clips,1,100
14-10-2022,2178,plastic bottles,6,200
14-10-2022,2178,ns small tawa,1,245
14-10-2022,2179,st utensil strainer,2,540
14-10-2022,2179,st tea strainer,3,290
14-10-2022,2179,chopper,1,270
14-10-2022,2180,plates,1,320
14-10-2022,2180,plastic container,1,60
14-10-2022,2180,plastic container,1,25
14-10-2022,2180,container,13,520
14-10-2022,2180,container,11,550
14-10-2022,2181,plastic jar,11,825
14-10-2022,2181,plastic container,2,200
14-10-2022,2181,plastic container,4,160
14-10-2022,2181,plastic bucket,1,120
14-10-2022,2181,plastic bottles,2,70
14-10-2022,2181,LnL container,1,625
14-10-2022,2181,Lighter,1,125
14-10-2022,2181,jar,10,230
14-10-2022,2181,jar,6,252
14-10-2022,2181,gas net,3,195
14-10-2022,2181,coaster set,1,315
14-10-2022,2181,bread box,1,140
14-10-2022,2182,st strainer,2,290
14-10-2022,2182,pepper box,2,520
14-10-2022,2182,pepper box,2,828
14-10-2022,2182,LnL container,3,4080
14-10-2022,2182,container,4,560
14-10-2022,2182,container,2,310
14-10-2022,2182,brush,2,60
15-10-2022,2183,plastic container,30,690
15-10-2022,2183,plastic container,20,600
15-10-2022,2184,st cover,2,190
15-10-2022,2184,plates,5,400
15-10-2022,2184,plastic container,2,95
15-10-2022,2184,plastic container,3,24
15-10-2022,2185,spoons,12,398
15-10-2022,2185,sponge wipe,1,170
15-10-2022,2185,scrub,1,28
15-10-2022,2185,glass,6,455
15-10-2022,2185,fork,12,398
15-10-2022,2186,st tong,1,119
15-10-2022,2186,sink net,1,100
15-10-2022,2186,set,2,649
15-10-2022,2186,scrub,2,56
15-10-2022,2186,scrub,1,60
15-10-2022,2186,masher,1,110
15-10-2022,2186,jar,4,544
15-10-2022,2186,grater,1,90
15-10-2022,2186,food clip,3,140
15-10-2022,2186,container,2,390
15-10-2022,2186,chopper,6,660
15-10-2022,2186,casrol,1,625
15-10-2022,2186,casrol,1,525
15-10-2022,2186,camphor cone,1,199
15-10-2022,2186,brush,1,30
15-10-2022,2187,st tong,1,119
15-10-2022,2187,utensil,1,780
15-10-2022,2187,frypan,1,1095
15-10-2022,2187,container,1,525
15-10-2022,2188,st dinner set,1,4150
15-10-2022,2188,spoons,6,150
15-10-2022,2188,soup set,1,1499
15-10-2022,2188,sink net,2,120
15-10-2022,2188,mug,2,230
15-10-2022,2188,molder,2,250
15-10-2022,2188,LnL container,2,2425
15-10-2022,2189,tawa,1,1260
15-10-2022,2189,spetula,1,245
15-10-2022,2189,jar,4,420
15-10-2022,2189,bowls,2,650
15-10-2022,2190,garbage bag,6,516
15-10-2022,2190,garbage bag,2,194
15-10-2022,2191,st container,1,280
15-10-2022,2191,st container,1,125
15-10-2022,2192,utensil,2,670
15-10-2022,2193,soap dispenser,1,250
15-10-2022,2194,cupsaucer,1,375
15-10-2022,2195,dinner plate,10,1620
15-10-2022,2196,jar,6,138
15-10-2022,2196,jar,6,132
15-10-2022,2196,cooker,1,1215
15-10-2022,2196,chopper,1,270
15-10-2022,2197,window wiper,1,315
15-10-2022,2197,st serving spoon,1,90
15-10-2022,2197,st net cover,1,95
15-10-2022,2197,polport,1,475
15-10-2022,2197,LnL container,2,410
15-10-2022,2198,utensil,1,4090
15-10-2022,2199,spoons,1,90
15-10-2022,2199,frypan,1,360
15-10-2022,2200,toilet brush,2,330
15-10-2022,2200,mug,2,80
15-10-2022,2200,hot stand,2,424
15-10-2022,2200,hot stand,2,332
15-10-2022,2200,bucket,1,280
15-10-2022,2200,bucket,3,960
15-10-2022,2201,floormat,3,375
15-10-2022,2201,dustbin,2,110
15-10-2022,2201,broom,2,290
15-10-2022,2201,bathroom wiper,1,240
15-10-2022,2202,ns utensil,1,1495
15-10-2022,2203,pressure pan,1,3260
15-10-2022,2204,st serving spoon,7,1009
15-10-2022,2204,plates,6,1620
15-10-2022,2204,frypan,4,5040
15-10-2022,2204,casrol,1,5950
15-10-2022,2205,st utensil,2,370
15-10-2022,2206,tiffin,1,1020
15-10-2022,2206,st strainer,1,375
15-10-2022,2206,basket,1,575
15-10-2022,2207,basket,2,1080
15-10-2022,2208,expresso kit,1,695
15-10-2022,2209,saucepan,1,578
15-10-2022,2210,Lighter,1,140
15-10-2022,2211,tub,1,315
15-10-2022,2211,tub,1,175
15-10-2022,2211,mug,1,45
15-10-2022,2211,bucket,1,310
15-10-2022,2212,scrub,2,30
15-10-2022,2212,masher,1,110
15-10-2022,2212,dustbin,1,110
15-10-2022,2213,tub,1,150
15-10-2022,2213,scrub,1,65
15-10-2022,2213,garbage bag,2,172
15-10-2022,2214,toilet brush,3,403
15-10-2022,2214,st strainer,2,190
15-10-2022,2214,saucepan,1,636
15-10-2022,2214,rolling pin,1,85
15-10-2022,2215,tawa,1,425
15-10-2022,2215,st spoon,6,130
15-10-2022,2215,st container,1,810
15-10-2022,2215,rolling pin,1,90
15-10-2022,2215,polport,1,425
15-10-2022,2215,oil dispenser,1,460
15-10-2022,2215,mug,1,45
15-10-2022,2215,mug,1,25
15-10-2022,2215,bucket,1,210
15-10-2022,2216,cooker,1,4512
15-10-2022,2217,jar,4,600
15-10-2022,2218,jar,3,607
15-10-2022,2219,jar,5,450
15-10-2022,2219,container,1,18
15-10-2022,2220,bucket,1,445
15-10-2022,2221,st strainer,2,184
15-10-2022,2221,glass,6,525
15-10-2022,2222,jar,6,630
15-10-2022,2222,flask,1,515
15-10-2022,2222,cupsaucer,1,2350
16-10-2022,2223,ha tawa,1,1075
16-10-2022,2224,st strainer,1,450
16-10-2022,2224,utensil,1,1315
16-10-2022,2224,bucket,1,385
16-10-2022,2225,lockonth,1,725
16-10-2022,2225,lockonth,1,725
16-10-2022,2225,ha tawa,1,1175
16-10-2022,2226,vase,1,300
16-10-2022,2226,st spoon,6,150
16-10-2022,2226,plates,1,135
16-10-2022,2226,utensil,1,2490
16-10-2022,2226,container,6,280
16-10-2022,2226,container,1,40
16-10-2022,2226,bowls,6,445
16-10-2022,2227,container,6,200
16-10-2022,2228,electric kettle,1,1700
16-10-2022,2229,utensil,1,1370
16-10-2022,2229,iron tong,1,325
16-10-2022,2229,bowls,2,191
16-10-2022,2230,zip pouch,1,100
16-10-2022,2230,wooden spoon,1,50
16-10-2022,2230,tawa,1,1570
16-10-2022,2230,tawa,1,1260
16-10-2022,2230,st cover,1,175
16-10-2022,2230,st container,1,1145
16-10-2022,2230,st container,3,555
16-10-2022,2230,scissor,1,310
16-10-2022,2230,plastic container,2,708
16-10-2022,2230,frypan,1,1260
16-10-2022,2230,copper bottle,1,1950
16-10-2022,2230,buffet set,1,1850
16-10-2022,2231,tong,1,170
16-10-2022,2231,st holder,1,525
16-10-2022,2231,scrub,1,40
16-10-2022,2231,scissor,1,70
16-10-2022,2231,platform wiper,1,165
16-10-2022,2231,plastic soap box,2,70
16-10-2022,2231,peeler,1,54
16-10-2022,2231,utensil set,1,1800
16-10-2022,2231,jug,1,475
16-10-2022,2231,holder,3,195
16-10-2022,2231,floor mop,1,699
16-10-2022,2231,casrol,1,1599
16-10-2022,2231,brush,2,380
16-10-2022,2231,bowls,1,90
16-10-2022,2232,soup set,1,395
16-10-2022,2232,plastic container,1,320
16-10-2022,2232,jug,1,550
16-10-2022,2232,jar,11,909
16-10-2022,2232,flask,1,1249
16-10-2022,2232,flask,1,740
16-10-2022,2233,stove,2,34768
16-10-2022,2233,st serving spoon,5,700
16-10-2022,2233,st container,4,6800
16-10-2022,2233,st bowl,12,600
16-10-2022,2233,spoons,5,518
16-10-2022,2233,plates,12,1320
16-10-2022,2233,ns tawa,1,2499
16-10-2022,2233,masala spoon,12,300
16-10-2022,2233,lota,4,2480
16-10-2022,2233,knife,5,895
16-10-2022,2233,utensil set,1,3399
16-10-2022,2233,hot stand,1,450
16-10-2022,2233,ha deep utensil,1,2775
16-10-2022,2233,fork,2,518
16-10-2022,2233,chopping board,2,1020
16-10-2022,2233,bottle opener,2,240
16-10-2022,2233,bottle opener,2,106
16-10-2022,2234,jar,6,739
16-10-2022,2234,bowls,1,190
16-10-2022,2235,st bowl,1,360
16-10-2022,2235,Lighter,1,140
16-10-2022,2235,bucket,1,250
16-10-2022,2236,st cooker,1,3675
16-10-2022,2237,st bottle,1,215
16-10-2022,2237,st bottle,1,210
16-10-2022,2238,tawa,1,1375
16-10-2022,2239,flask,1,792
16-10-2022,2240,utensil,1,3290
16-10-2022,2240,frypan,1,3260
16-10-2022,2241,tawa,1,1999
16-10-2022,2241,tawa,1,1375
16-10-2022,2241,st serving spoon,2,156
16-10-2022,2241,st container,1,95
16-10-2022,2241,bottle opener,1,53
16-10-2022,2242,sponge,1,170
16-10-2022,2242,sponge,1,28
16-10-2022,2242,scrub,1,20
16-10-2022,2242,oil dispenser,1,540
16-10-2022,2242,oil dispenser,1,500
16-10-2022,2242,microfiber,1,199
16-10-2022,2242,frypan,1,795
16-10-2022,2242,food clip,1,35
16-10-2022,2242,clips,1,389
16-10-2022,2243,tawa,1,1370
16-10-2022,2243,tawa,1,1145
16-10-2022,2243,tawa,1,1225
16-10-2022,2244,salt pepper,2,230
16-10-2022,2244,glass jar,6,1650
16-10-2022,2244,glass jar,5,975
16-10-2022,2244,glass jar,3,570
16-10-2022,2244,glass jar,6,739
16-10-2022,2244,dispenser,1,350
16-10-2022,2244,chopping board,1,175
16-10-2022,2245,plates,2,440
16-10-2022,2245,food clip,1,40
16-10-2022,2245,ceramic plates,10,3750
16-10-2022,2246,tong,1,360
16-10-2022,2246,st cover,1,145
16-10-2022,2246,mug,3,525
16-10-2022,2247,tawa,1,990
16-10-2022,2248,plastic basket,1,300
16-10-2022,2248,plastic basket,2,190
16-10-2022,2249,jar,2,254
16-10-2022,2249,bowls,1,325
16-10-2022,2250,st container,2,535
16-10-2022,2250,LnL container,4,525
16-10-2022,2250,jar,1,190
16-10-2022,2250,cupsaucer,6,850
16-10-2022,2250,container,1,125
16-10-2022,2251,tawa,1,2350
16-10-2022,2251,scissor,1,59
16-10-2022,2251,pot,1,575
16-10-2022,2252,plates,2,690
16-10-2022,2252,utensil,1,1635
16-10-2022,2252,holder,1,70
16-10-2022,2253,st container,1,450
16-10-2022,2253,st container,2,450
16-10-2022,2253,st container,1,339
16-10-2022,2254,bowls,2,215
16-10-2022,2255,jar,6,180
16-10-2022,2256,cupsaucer,1,1790
16-10-2022,2257,tub,1,315
16-10-2022,2258,wipe,1,215
16-10-2022,2259,coffee mug,6,370
16-10-2022,2260,wiper,1,240
16-10-2022,2260,toilet brush,1,260
16-10-2022,2260,plastic mug,1,55
16-10-2022,2260,plastic dustbin,1,135
16-10-2022,2260,plastic bucket,1,115
16-10-2022,2260,broom,1,145
16-10-2022,2261,st hot stand,2,270
16-10-2022,2261,st container,1,810
16-10-2022,2261,st container,1,565
16-10-2022,2261,plastic stool,1,530
16-10-2022,2261,plastic bucket,1,210
16-10-2022,2261,garbage bag,2,172
16-10-2022,2262,glass,6,645
16-10-2022,2263,dinner plate,12,5988
16-10-2022,2264,tawa,1,910
16-10-2022,2264,st serving spoon,1,59
16-10-2022,2264,st cover,1,60
16-10-2022,2264,ns deep frypan,1,1595
16-10-2022,2264,frypan,1,1060
16-10-2022,2264,dispenser,1,389
18-10-2022,2289,6in1 grater,1,230
18-10-2022,2290,tiffin,1,1520
18-10-2022,2290,bowls,6,510
18-10-2022,2291,triple utensil,1,2190
18-10-2022,2291,st cover,1,55
18-10-2022,2291,st cb utensil,1,285
18-10-2022,2291,saucepan,1,370
18-10-2022,2291,knife,1,60
18-10-2022,2291,brush,1,50
18-10-2022,2292,st teaspoon,6,169
18-10-2022,2292,st tea strainer,1,90
18-10-2022,2292,st utensil,1,625
18-10-2022,2292,st dessert spoon,6,259
18-10-2022,2292,st cover,3,185
18-10-2022,2292,st baby spoon,1,398
18-10-2022,2292,st baby fork,6,199
18-10-2022,2292,bottle,2,284
18-10-2022,2292,bottle,3,570
18-10-2022,2292,bottle,2,140
18-10-2022,2293,oil can ,3,1650
18-10-2022,2293,frypan,1,1165
18-10-2022,2293,frypan,1,1050
18-10-2022,2293,frypan,1,950
18-10-2022,2293,frypan,1,920
18-10-2022,2293,frypan,1,680
18-10-2022,2294,bowls,3,810
18-10-2022,2295,bowls,3,900
18-10-2022,2296,st strainer,1,410
18-10-2022,2296,sponge,1,65
18-10-2022,2296,scrub,2,20
18-10-2022,2296,plastic container,3,150
18-10-2022,2296,plastic container,3,75
18-10-2022,2296,LnL container,1,235
18-10-2022,2297,st bowl,1,20
18-10-2022,2297,jar,3,380
18-10-2022,2297,jar,6,478
18-10-2022,2297,jar,2,212
18-10-2022,2298,st bottle,1,590
18-10-2022,2298,st bottle,1,210
18-10-2022,2298,scissor,1,66
18-10-2022,2298,container,1,165
18-10-2022,2299,akhand diya,4,1195
18-10-2022,2300,st glass,6,1100
18-10-2022,2300,st container,1,1300
18-10-2022,2300,st container,1,800
18-10-2022,2300,st container,3,880
18-10-2022,2300,st container,4,505
18-10-2022,2300,soup set,1,745
18-10-2022,2300,plates,5,1450
18-10-2022,2300,marble grinder,2,595
18-10-2022,2300,jar,1,150
18-10-2022,2300,glass,6,1200
18-10-2022,2300,dinner set,1,2300
18-10-2022,2300,cupsaucer,1,1175
18-10-2022,2301,st tea strainer,1,75
18-10-2022,2301,utensil,1,1795
18-10-2022,2302,Lighter,1,160
18-10-2022,2302,bottle,1,35
18-10-2022,2303,weight,1,225
18-10-2022,2303,st tong,1,200
18-10-2022,2303,st tea strainer,1,95
18-10-2022,2303,knife,2,174
18-10-2022,2304,container,6,240
18-10-2022,2304,container,8,200
18-10-2022,2304,container,1,125
18-10-2022,2305,sink net,1,150
18-10-2022,2305,jar,3,648
18-10-2022,2305,brush,1,60
18-10-2022,2306,st tong,1,109
18-10-2022,2306,st glass,1,55
18-10-2022,2306,Lighter,1,160
18-10-2022,2306,knife,2,260
18-10-2022,2306,frypan,1,1050
18-10-2022,2307,tawa,1,1225
18-10-2022,2308,plates,1,595
18-10-2022,2308,jar,2,28
18-10-2022,2308,casrol,3,2315
18-10-2022,2309,jar,12,1940
18-10-2022,2309,bucket,2,560
18-10-2022,2310,cloth stand,1,2350
18-10-2022,2311,tub,1,315
18-10-2022,2312,cooker container,2,600
18-10-2022,2312,cooker,1,3168
18-10-2022,2312,broom,2,288
18-10-2022,2313,tray,1,495
18-10-2022,2313,st container,1,135
18-10-2022,2313,scissor,1,59
18-10-2022,2313,mug,6,690
18-10-2022,2313,milk mug,1,139
18-10-2022,2313,LnL container,3,1500
18-10-2022,2313,glass,6,765
18-10-2022,2314,st strainer,1,650
18-10-2022,2315,st container,1,450
18-10-2022,2316,bowls,2,1340
18-10-2022,2317,container,2,223
18-10-2022,2318,tray,1,495
18-10-2022,2318,tiffin,1,440
18-10-2022,2318,st utensil,1,450
18-10-2022,2318,st utensil,1,325
18-10-2022,2318,st tea strainer,1,90
18-10-2022,2318,st glass,6,1100
18-10-2022,2318,st cover,2,175
18-10-2022,2318,fork,6,149
18-10-2022,2318,dustbin,1,50
18-10-2022,2318,dinner spoon,6,300
18-10-2022,2318,coffee mug,6,500
18-10-2022,2318,bottle,1,140
18-10-2022,2319,milk mug,5,875
18-10-2022,2319,bowls,2,365
18-10-2022,2320,st utensil,1,140
18-10-2022,2320,st glass,6,480
18-10-2022,2320,st bowl,6,300
18-10-2022,2320,serving tray,1,495
18-10-2022,2320,scrub,2,64
18-10-2022,2320,peeler,2,108
18-10-2022,2320,oil dispenser,1,549
18-10-2022,2320,melamine bowl,3,513
18-10-2022,2320,melamine bowl,3,255
18-10-2022,2320,frypan,1,1165
18-10-2022,2320,food clip,1,40
18-10-2022,2320,broom,1,170
18-10-2022,2320,baby spoons,1,398
18-10-2022,2320,aluminium utensil,1,600
18-10-2022,2321,jar,1,150
18-10-2022,2322,chopping board,1,360
19-10-2022,2323,scrub,2,75
19-10-2022,2323,cooker,1,4895
19-10-2022,2324,mug,3,111
19-10-2022,2324,chopping board,2,600
19-10-2022,2325,glass,6,565
19-10-2022,2326,tawa,1,1225
19-10-2022,2326,polport,2,710
19-10-2022,2327,tawa,1,1145
19-10-2022,2327,st strainer,1,95
19-10-2022,2327,st bowl,1,260
19-10-2022,2327,frypan,1,1440
19-10-2022,2328,broom,1,160
19-10-2022,2329,flask,1,698
19-10-2022,2330,st container,2,215
19-10-2022,2330,spoons,6,90
19-10-2022,2330,salt pepper,1,230
19-10-2022,2330,peeler,1,95
19-10-2022,2331,st serving utensil,2,1410
19-10-2022,2332,cupsaucer,6,1080
19-10-2022,2333,triple utensil,1,1775
19-10-2022,2333,triple casrol,1,3030
19-10-2022,2333,st container,1,280
19-10-2022,2333,spoons,6,130
19-10-2022,2333,oil can ,1,450
19-10-2022,2333,bowls,1,55
19-10-2022,2334,plastic dustbin,1,440
19-10-2022,2335,hot pot,4,3000
19-10-2022,2336,tray,3,577
19-10-2022,2336,spoons,6,130
19-10-2022,2336,serving spoon,6,486
19-10-2022,2336,scrub,1,53
19-10-2022,2336,cooker,1,2225
19-10-2022,2336,bottle,2,1525
19-10-2022,2337,st bottle,1,740
19-10-2022,2337,bucket,2,500
19-10-2022,2337,bowls,12,1760
19-10-2022,2338,coconut scrapper,1,350
19-10-2022,2339,wooden rolling pin,2,220
19-10-2022,2339,wooden polport,1,450
19-10-2022,2339,st tong,1,200
19-10-2022,2339,st tong,1,109
19-10-2022,2339,st tea strainer,1,75
19-10-2022,2339,st serving spoon,5,679
19-10-2022,2339,st grater,1,90
19-10-2022,2339,peeler,1,54
19-10-2022,2339,knife,1,130
19-10-2022,2340,st cover,2,84
19-10-2022,2340,st cover,3,96
19-10-2022,2340,mug,4,300
19-10-2022,2340,chopper,1,299
19-10-2022,2340,casrol,1,617
19-10-2022,2341,st cover,3,165
19-10-2022,2341,ns tawa,1,1095
19-10-2022,2342,stove,1,4700
19-10-2022,2343,mug,1,60
19-10-2022,2343,knife,1,275
19-10-2022,2343,chopper,1,330
19-10-2022,2343,bucket,1,210
19-10-2022,2343,bottle,1,430
19-10-2022,2344,st tea strainer,1,90
19-10-2022,2344,st strainer,2,160
19-10-2022,2344,st cover,2,110
19-10-2022,2344,scrub,2,20
19-10-2022,2345,st tea strainer,1,95
19-10-2022,2345,st spoon,1,20
19-10-2022,2345,st container,1,470
19-10-2022,2346,zip pouch,1,160
19-10-2022,2346,scrub,1,10
19-10-2022,2347,glass jar,1,558
19-10-2022,2348,square dish,1,280
19-10-2022,2348,plastic container,1,60
19-10-2022,2348,mixing bowl lid,1,530
19-10-2022,2349,teaspoons,6,169
19-10-2022,2349,st glass,2,160
19-10-2022,2349,st bowl,2,120
19-10-2022,2349,forks,6,149
19-10-2022,2350,Lighter,1,125
19-10-2022,2350,brush,1,45
19-10-2022,2351,plates,6,990
19-10-2022,2351,plastic container,1,10
19-10-2022,2351,bowls,6,1500
19-10-2022,2352,spoons,6,248
19-10-2022,2352,plates,6,600
19-10-2022,2352,plastic strainer,1,12
19-10-2022,2353,bucket,2,120
19-10-2022,2354,glass jar,1,525
19-10-2022,2355,st utensil,2,815
19-10-2022,2355,st cover,6,465
19-10-2022,2355,st container,1,345
19-10-2022,2355,spoons,6,300
19-10-2022,2356,Lighter,1,160
19-10-2022,2357,plastic dustbin,1,150
19-10-2022,2357,plastic bucket,1,135
19-10-2022,2358,container,12,2400
19-10-2022,2359,square dish ,5,4875
19-10-2022,2360,toilet brush,1,144
19-10-2022,2360,teaspoons,6,169
19-10-2022,2360,sink net,1,50
19-10-2022,2360,masala spoon,6,110
19-10-2022,2360,masala spoon,6,130
19-10-2022,2360,jar,4,1180
19-10-2022,2360,dinner spoon,6,285
20-10-2022,2361,st cover,5,130
20-10-2022,2361,st container,1,95
20-10-2022,2361,masala spoon,6,90
20-10-2022,2361,garbage bag,2,194
20-10-2022,2361,container,2,215
20-10-2022,2361,container,2,220
20-10-2022,2362,cancel,0,0
20-10-2022,2363,st container,2,1700
20-10-2022,2364,plastic utensil,1,250
20-10-2022,2365,st grater,1,170
20-10-2022,2366,tawa,1,1145
20-10-2022,2366,peeler,1,55
20-10-2022,2366,oil spoon,2,70
20-10-2022,2366,oil can ,2,350
20-10-2022,2366,knife,1,300
20-10-2022,2366,knife,1,125
20-10-2022,2366,hot pot,1,1539
20-10-2022,2367,masala spoon,4,100
20-10-2022,2367,jar,1,750
20-10-2022,2368,cooker,1,3225
20-10-2022,2369,chopper,4,1075
20-10-2022,2369,bowls,2,720
20-10-2022,2370,jar,6,790
20-10-2022,2370,glass,1,1220
20-10-2022,2370,bowls,4,890
20-10-2022,2371,st container,2,675
20-10-2022,2372,cookserve,1,1060
20-10-2022,2372,cookserve,1,895
20-10-2022,2373,st utensil,1,790
20-10-2022,2373,spoons,12,110
20-10-2022,2374,tissue stand,1,175
20-10-2022,2375,container,1,330
20-10-2022,2376,mug,6,495
20-10-2022,2377,st container,2,510
20-10-2022,2378,container,1,450
20-10-2022,2379,jar,3,685
20-10-2022,2380,st serving spoon,1,46
20-10-2022,2380,st cover,1,26
20-10-2022,2380,iron,1,1150
20-10-2022,2381,st container,1,135
20-10-2022,2381,utensil,1,2190
20-10-2022,2382,utensil set,1,2140
20-10-2022,2382,gasket,2,160
20-10-2022,2383,st container,6,2310
20-10-2022,2383,st container,2,230
20-10-2022,2383,st container,2,310
20-10-2022,2384,toilet brush,1,165
20-10-2022,2384,sizzler pan,1,780
20-10-2022,2384,plastic mug,2,110
20-10-2022,2384,plastic dustbin,1,65
20-10-2022,2384,plastic bucket,2,700
20-10-2022,2384,plastic bucket,1,190
20-10-2022,2384,knife,1,190
20-10-2022,2384,brush,2,250
20-10-2022,2385,st container,3,655
20-10-2022,2385,st bowl,1,50
20-10-2022,2385,Lighter,1,125
20-10-2022,2386,st tea strainer,2,140
20-10-2022,2386,st glass,1,100
20-10-2022,2386,coconut scrapper,1,350
20-10-2022,2387,st utensil,1,215
20-10-2022,2387,st strainer,1,95
20-10-2022,2387,garbage bag,1,96
20-10-2022,2387,coffeespoons,6,129
20-10-2022,2388,oil bottle,1,449
20-10-2022,2388,glass jar,3,250
20-10-2022,2388,glass jar,3,99
20-10-2022,2389,bowls,3,590
20-10-2022,2390,st container,1,420
20-10-2022,2390,st container,2,280
20-10-2022,2390,scrub,1,10
20-10-2022,2390,knife,2,120
20-10-2022,2390,knife,1,87
20-10-2022,2391,LnL container,3,1500
20-10-2022,2391,container,4,1584
20-10-2022,2392,st container,1,500
20-10-2022,2392,spoons,1,22
20-10-2022,2393,jar,11,1342
20-10-2022,2394,container,2,652
20-10-2022,2394,container,1,339
20-10-2022,2394,container,1,399
20-10-2022,2394,container,1,175
20-10-2022,2395,st tea strainer,4,350
20-10-2022,2395,st spoon stand,1,150
20-10-2022,2395,spoons,1,825
20-10-2022,2395,soup spoon,9,450
20-10-2022,2395,scrub,2,90
20-10-2022,2395,utensil set,1,1850
20-10-2022,2395,jar,12,1632
20-10-2022,2395,jar,6,636
20-10-2022,2395,ghee pot,1,140
20-10-2022,2395,gasket,2,456
20-10-2022,2395,frypan,1,315
20-10-2022,2395,frypan,2,320
20-10-2022,2395,cupsaucer,8,1175
20-10-2022,2395,cupsaucer,6,2250
20-10-2022,2395,container,2,380
20-10-2022,2395,bowls,2,750
20-10-2022,2395,bowls,3,1599
20-10-2022,2396,tongue cleaner,2,288
20-10-2022,2396,tea mug,12,850
20-10-2022,2396,st container,6,110
20-10-2022,2396,serving bowl,4,1595
20-10-2022,2396,scrub,1,60
20-10-2022,2396,plates,12,1140
20-10-2022,2396,jug,2,990
20-10-2022,2396,glass,18,1170
20-10-2022,2396,flask,2,1780
20-10-2022,2396,dryfruit container,1,734
20-10-2022,2396,dinner plate,6,900
20-10-2022,2396,broom,2,340
20-10-2022,2396,bowls,12,1080
20-10-2022,2396,bowls,3,1175
20-10-2022,2396,bottle,1,140
20-10-2022,2396,akhand diya,1,300
20-10-2022,2397,scissor,1,295
20-10-2022,2397,pot,1,115
20-10-2022,2397,chopper,1,349
20-10-2022,2397,chopper,1,389
20-10-2022,2398,plates,1,235
20-10-2022,2399,st tea strainer,1,150
20-10-2022,2399,plastic tong,1,90
20-10-2022,2400,st utensil,1,310
20-10-2022,2400,st container,1,400
20-10-2022,2400,gasket,1,250
20-10-2022,2401,glass,6,285
20-10-2022,2402,coffee mug,6,420
20-10-2022,2403,serving tray,1,415
20-10-2022,2404,tea sugar,1,799
20-10-2022,2404,platter,1,1050
20-10-2022,2404,partition container,1,270
20-10-2022,2404,jar,3,366
20-10-2022,2404,jar,3,424
20-10-2022,2404,jar,4,460
20-10-2022,2404,glass dish,1,375
20-10-2022,2404,diffuser,1,995
20-10-2022,2404,cooker container,2,560
20-10-2022,2404,container,6,1956
20-10-2022,2404,bowls,3,1599
20-10-2022,2404,bowls,1,299
20-10-2022,2404,basket,1,497
21-10-2022,2405,mug,1,55
21-10-2022,2405,buffet,2,800
21-10-2022,2406,jar,3,615
21-10-2022,2406,jar,3,202
21-10-2022,2407,idli stand,1,270
21-10-2022,2407,hand cooker,1,3080
21-10-2022,2407,basket,1,150
21-10-2022,2408,st utensil,2,350
21-10-2022,2408,scrub,4,135
21-10-2022,2408,N.A.,1,750
21-10-2022,2408,mug,6,885
21-10-2022,2409,Lighter,1,140
21-10-2022,2410,oil dispenser,1,335
21-10-2022,2411,tiffin,1,1457
21-10-2022,2412,st container,2,798
21-10-2022,2412,st container,2,618
21-10-2022,2412,st container,1,428
21-10-2022,2413,slicer,1,220
21-10-2022,2413,gasket,1,120
21-10-2022,2414,sink net,3,330
21-10-2022,2414,utensil,4,6966
21-10-2022,2415,juice container,1,375
21-10-2022,2415,frypan,1,680
21-10-2022,2416,knife,1,90
21-10-2022,2416,bowls,1,640
21-10-2022,2417,spoons,6,170
21-10-2022,2417,plastic container,3,1085
21-10-2022,2417,mug,1,250
21-10-2022,2417,glass jar,4,26
21-10-2022,2417,bucket,1,1085
21-10-2022,2418,valve,20,908
21-10-2022,2418,hot stand,200,169
21-10-2022,2418,gasket,80,2610
21-10-2022,2419,plastic container,1,120
21-10-2022,2419,mug,1,245
21-10-2022,2419,jar,4,908
21-10-2022,2419,glass,6,2610
21-10-2022,2420,st container,1,340
21-10-2022,2421,utensil set,1,200
21-10-2022,2421,st cooker,1,3750
21-10-2022,2421,glass,1,880
21-10-2022,2422,plastic container,2,285
21-10-2022,2422,bowls,6,2850
21-10-2022,2423,glass jar,6,270
21-10-2022,2424,plastic container,3,240
21-10-2022,2425,soap dispenser,2,550
21-10-2022,2425,plastic bucket,1,500
21-10-2022,2426,st cover,1,75
21-10-2022,2426,st container,1,585
21-10-2022,2427,mug,6,330
21-10-2022,2427,mug,6,53
21-10-2022,2427,chopper,1,357
21-10-2022,2427,bottle opener,1,45
21-10-2022,2428,st mug,6,540
21-10-2022,2429,utensil,1,2050
21-10-2022,2429,triple utensil,1,2560
21-10-2022,2429,tea strainer,1,95
21-10-2022,2429,st container,3,456
21-10-2022,2429,knife,1,95
21-10-2022,2430,LnL container,1,715
21-10-2022,2431,st gauge,1,415
21-10-2022,2431,st container,6,1080
21-10-2022,2432,cntr,1,430
21-10-2022,2432,bucket,1,535
21-10-2022,2433,cloth stand,1,3600
21-10-2022,2434,stl serving spoon,5,529
21-10-2022,2434,stl ghee pot,1,53
21-10-2022,2434,st tong,1,99
21-10-2022,2434,st tong,1,200
21-10-2022,2434,st spoon,6,199
21-10-2022,2434,st casrol,1,650
21-10-2022,2434,smush,1,150
21-10-2022,2434,peeler,1,49
21-10-2022,2434,knife,1,575
21-10-2022,2434,bottle opener,1,53
21-10-2022,2434,beater,1,50
21-10-2022,2435,oil dispenser,1,350
21-10-2022,2436,wooden tong,1,470
21-10-2022,2437,mug,6,1045
21-10-2022,2437,cntr,2,505
21-10-2022,2438,bucket,1,450
21-10-2022,2439,broom,1,170
21-10-2022,2440,bottle,1,55
21-10-2022,2443,tawa,1,990
21-10-2022,2443,mop,1,1250
21-10-2022,2443,bucket,1,325
21-10-2022,2443,bucket,1,290
21-10-2022,2444,stand,1,150
21-10-2022,2444,glass,6,750
21-10-2022,2444,bucket,1,250
21-10-2022,2444,basket,3,350
21-10-2022,2445,stl conatiner,2,580
21-10-2022,2446,st spoon,6,129
21-10-2022,2446,mug,1,290
21-10-2022,2446,hand cooker,1,2195
22-10-2022,2447,plates,6,2394
22-10-2022,2447,katori,6,2694
22-10-2022,2448,coconut scrapper,1,340
22-10-2022,2449,plates,4,1060
22-10-2022,2449,plastic drawer,1,585
22-10-2022,2450,st cooker,1,2575
22-10-2022,2450,st container,1,760
22-10-2022,2451,tawa,1,1053
22-10-2022,2452,spoon,2,570
22-10-2022,2452,pls basket,6,259
22-10-2022,2452,frypan,1,1190
22-10-2022,2452,container,2,500
22-10-2022,2453,container,1,350
22-10-2022,2454,scissor,1,170
22-10-2022,2454,lighter,1,160
22-10-2022,2454,broom,1,160
22-10-2022,2455,wipe,1,215
22-10-2022,2455,st flask,1,1195
22-10-2022,2455,st flask,1,1195
22-10-2022,2455,cntr,2,690
22-10-2022,2455,broom,1,160
22-10-2022,2456,cooker,1,3780
22-10-2022,2457,tawa,1,425
22-10-2022,2457,frypan,1,950
22-10-2022,2458,glass,6,775
22-10-2022,2458,glass,6,675
22-10-2022,2459,spoons,12,398
22-10-2022,2459,plates,12,1440
22-10-2022,2459,bottle opener,1,100
22-10-2022,2459,basket,1,220
22-10-2022,2460,st container,2,470
22-10-2022,2460,grinder,1,1999
22-10-2022,2460,bowls,2,432
22-10-2022,2461,window viper,1,315
22-10-2022,2462,tawa,1,1060
22-10-2022,2462,knife,1,130
22-10-2022,2462,gasket,1,35
22-10-2022,2462,cooker,1,1575
22-10-2022,2463,bowls,3,570
22-10-2022,2463,bowls,3,570
22-10-2022,2464,scrub,1,35
22-10-2022,2464,broom,1,200
22-10-2022,2465,st tea strainer,1,240
22-10-2022,2465,st cover,23,552
22-10-2022,2465,spoon,4,40
22-10-2022,2465,mug,2,412
22-10-2022,2465,jar,4,452
22-10-2022,2465,glass bottle,3,342
22-10-2022,2465,gasket,2,260
22-10-2022,2465,bowls,2,294
22-10-2022,2466,N.A.,1,750
22-10-2022,2467,utensil,1,1195
22-10-2022,2467,jar,3,450
22-10-2022,2468,tea sugar,1,685
22-10-2022,2468,st utensil,1,1300
22-10-2022,2469,plastic container,2,260
22-10-2022,2469,pan,1,2515
22-10-2022,2469,coffee pot,1,989
22-10-2022,2470,bowls,1,425
22-10-2022,2471,st container,1,315
22-10-2022,2472,st container,3,315
22-10-2022,2472,mug,7,6650
22-10-2022,2473,st container,2,685
22-10-2022,2474,st flask,1,670
22-10-2022,2475,bowls,6,595
22-10-2022,2475,bowl lid,3,1725
22-10-2022,2476,tawa,1,2060
22-10-2022,2476,tawa,1,1135
22-10-2022,2476,tawa,1,1096
22-10-2022,2476,st utensil,1,1780
22-10-2022,2476,st smasher,1,200
22-10-2022,2476,st polport,1,390
22-10-2022,2476,st utensil,2,896
22-10-2022,2476,st dabba,1,575
22-10-2022,2476,plates,26,700
22-10-2022,2476,oil can,1,300
22-10-2022,2476,grater,6,230
22-10-2022,2476,frypan,1,1260
22-10-2022,2476,cooker,1,4440
22-10-2022,2476,cooker,1,750
22-10-2022,2476,chopper,1,300
22-10-2022,2477,tea strainer,1,80
22-10-2022,2477,st glass,2,166
22-10-2022,2477,st ghee pot,1,123
22-10-2022,2477,plates,12,190
22-10-2022,2477,khal fatter,1,650
22-10-2022,2477,dabba,1,124
22-10-2022,2477,bowls,2,160
22-10-2022,2477,bottle,1,112
22-10-2022,2478,st spoon,6,868
22-10-2022,2478,silicone ping,2,610
22-10-2022,2478,frypan,2,1095
22-10-2022,2479,blender,1,1600
22-10-2022,2480,st glass,2,150
22-10-2022,2480,plates,2,460
22-10-2022,2481,frypan,1,1095
22-10-2022,2482,cooker,1,1900
22-10-2022,2483,triple utensil,1,2960
22-10-2022,2484,soup set,1,894
22-10-2022,2484,frypan,1,3030
22-10-2022,2484,cofee tray,15,934
22-10-2022,2485,st container,2,800
22-10-2022,2486,bottle,6,200
22-10-2022,2487,coffee pot,1,1749
22-10-2022,2488,st dabba,1,1500
22-10-2022,2489,cooker,1,3520
22-10-2022,2490,tawa,1,1830
22-10-2022,2490,utensil,1,1460
22-10-2022,2491,tiffin,1,1370
22-10-2022,2492,st dabba,2,900
22-10-2022,2493,lighter,1,160
22-10-2022,2493,utensil,1,356
22-10-2022,2493,bottle,1,260
22-10-2022,2494,utensil,1,1465
22-10-2022,2495,appam,1,506
22-10-2022,2496,frypan,1,2795
22-10-2022,2496,cooker,1,4270
22-10-2022,2497,wiper,2,340
22-10-2022,2498,frypan,1,1380
22-10-2022,2499,st dabba,1,300
22-10-2022,2499,chopper,1,650
22-10-2022,2500,frypan,1,1059
22-10-2022,2500,bowls,3,1505
22-10-2022,2501,casrol,1,467
22-10-2022,2502,jar,6,1650
22-10-2022,2503,st utensil,1,320
22-10-2022,2504,plastic container,1,30
22-10-2022,2504,chopper,1,315
22-10-2022,2505,st serving spoon,2,254
22-10-2022,2505,st bowl,4,340
22-10-2022,2506,st tea strainer,1,90
22-10-2022,2506,scrub,1,50
22-10-2022,2506,lighter,1,160
22-10-2022,2506,coconut scrapper,1,390
22-10-2022,2506,chopper,2,778
22-10-2022,2507,teaspoons,6,205
22-10-2022,2507,st glass,2,190
22-10-2022,2507,st bowl,4,380
22-10-2022,2508,st tea strainer,1,90
22-10-2022,2508,st glass,2,100
22-10-2022,2508,st container,1,210
22-10-2022,2508,st bowl,2,70
22-10-2022,2508,peeler,1,170
22-10-2022,2508,peeler,1,50
22-10-2022,2509,st container,2,530
22-10-2022,2510,glass,6,640
22-10-2022,2510,dinner set,1,1800
22-10-2022,2510,cooker,1,2225
22-10-2022,2510,coffee mug,6,395
22-10-2022,2510,bottle,2,332
22-10-2022,2511,vase,1,560
22-10-2022,2511,sponge,1,200
22-10-2022,2511,scrub,1,10
22-10-2022,2511,bowls,1,395
22-10-2022,2512,st tong,1,109
22-10-2022,2512,coffee mug,6,380
22-10-2022,2513,copper glass,2,570
22-10-2022,2514,brush,2,286
22-10-2022,2515,bowls,3,995
22-10-2022,2516,st container,2,201
22-10-2022,2517,lighter,2,270
22-10-2022,2518,jar,1,70
22-10-2022,2518,cooker container,3,1080
22-10-2022,2519,broom,1,160
22-10-2022,2520,container,6,399
22-10-2022,2521,broom,1,170
22-10-2022,2522,st container,4,1484
22-10-2022,2522,st bottle,1,760
22-10-2022,2523,glass,6,525
22-10-2022,2524,mug,1,60
22-10-2022,2525,lighter,2,330
22-10-2022,2525,container,2,650
22-10-2022,2526,jar,3,270
22-10-2022,2526,container,4,300
22-10-2022,2527,triple tawa,1,1999
22-10-2022,2527,scissor,1,71
22-10-2022,2527,mug,6,500
22-10-2022,2527,mixer,1,1999
22-10-2022,2527,utensil,2,3050
22-10-2022,2528,st container,2,740
22-10-2022,2529,broom,1,160
22-10-2022,2530,milk mug,1,250
22-10-2022,2531,st container,2,1645
22-10-2022,2532,st container,1,175
22-10-2022,2532,glass,6,640
22-10-2022,2532,cupsaucer,1,1910
22-10-2022,2532,broom,1,160
22-10-2022,2533,wiper,1,149
22-10-2022,2533,st container,2,260
22-10-2022,2534,tiffin,1,700
23-10-2022,2535,st container,2,665
23-10-2022,2535,slicer,1,82
23-10-2022,2535,flask,1,715
23-10-2022,2535,bottle,1,142
23-10-2022,2536,plates,1,195
23-10-2022,2537,ha deep utensil,1,1000
23-10-2022,2538,st cover,9,212
23-10-2022,2539,st serving spoon,1,135
23-10-2022,2539,st container,1,320
23-10-2022,2539,st container,2,260
23-10-2022,2539,container,1,215
23-10-2022,2540,tawa,1,1230
23-10-2022,2541,st container,2,520
23-10-2022,2541,cupsaucer,6,1950
23-10-2022,2542,plastic container,3,315
23-10-2022,2542,ha tawa,1,870
23-10-2022,2543,st container,1,280
23-10-2022,2543,scissor,1,51
23-10-2022,2543,peeler,1,55
23-10-2022,2543,knife,1,179
23-10-2022,2543,keeper container,3,350
23-10-2022,2543,copper bottle,1,765
23-10-2022,2543,container,1,315
23-10-2022,2544,st tea strainer,1,95
23-10-2022,2544,st gauge,1,725
23-10-2022,2544,grater,1,490
23-10-2022,2545,plastic container,2,26
23-10-2022,2545,glass,6,430
23-10-2022,2545,coaster set,1,399
23-10-2022,2545,broom,2,290
23-10-2022,2546,LnL container,2,760
23-10-2022,2546,LnL container,2,590
23-10-2022,2546,LnL container,1,385
23-10-2022,2546,jar,3,51
23-10-2022,2547,spoons,24,626
23-10-2022,2547,forks,24,626
23-10-2022,2548,wine glass,1,2998
23-10-2022,2548,tawa,1,465
23-10-2022,2548,plates,84,30000
23-10-2022,2548,plates,2,1980
23-10-2022,2548,plates,2,1020
23-10-2022,2548,mini tawa,1,4525
23-10-2022,2548,glass,2,1065
23-10-2022,2548,dinner plate,1,720
23-10-2022,2548,coffee mug,2,1460
23-10-2022,2548,casrol,1,3975
23-10-2022,2548,bowls,2,1080
23-10-2022,2548,bowls,2,1430
23-10-2022,2549,teaspoons,2,562
23-10-2022,2549,st serving spoon,2,626
23-10-2022,2549,glass bottle,2,1150
23-10-2022,2549,glass bottle,1,425
23-10-2022,2549,dinner spoon,2,760
23-10-2022,2549,dinner fork,2,760
23-10-2022,2549,coffeespoons,2,336
23-10-2022,2550,tray,1,225
23-10-2022,2550,utensil,1,1635
23-10-2022,2550,jar,2,254
23-10-2022,2550,casrol,1,2499
23-10-2022,2551,frypan,1,795
23-10-2022,2551,frypan,1,1260
23-10-2022,2552,plates,1,135
23-10-2022,2552,jar,12,360
23-10-2022,2553,dinner set,1,2300
23-10-2022,2553,bowls,3,1225
23-10-2022,2554,st spoon,1,110
23-10-2022,2554,st cooker,1,2575
23-10-2022,2554,gasket,1,35
23-10-2022,2555,st container,12,3000
23-10-2022,2556,plastic hanger,1,320
23-10-2022,2556,chopping board,1,240
23-10-2022,2557,tawa,1,1310
23-10-2022,2557,scissor,1,340
23-10-2022,2557,lota,1,240
23-10-2022,2557,dinner plate,1,825
23-10-2022,2558,jar,1,570
23-10-2022,2558,bowls,1,185
23-10-2022,2559,jar,3,550
23-10-2022,2559,jar,1,360
23-10-2022,2559,container,1,875
23-10-2022,2560,st cover,8,450
23-10-2022,2561,st cover,1,125
23-10-2022,2561,st cb utensil,1,550
23-10-2022,2561,gasket,1,110
23-10-2022,2562,tawa,1,1100
23-10-2022,2563,tawa,1,1670
23-10-2022,2563,glass,6,500
23-10-2022,2564,container,6,450
23-10-2022,2564,container,1,565
23-10-2022,2564,broom,1,160
23-10-2022,2565,tiffin,1,845
23-10-2022,2565,st glass,5,500
23-10-2022,2565,st container,1,230
23-10-2022,2565,plates,4,640
23-10-2022,2565,plates,1,235
23-10-2022,2565,plates,2,1150
23-10-2022,2565,plastic container,6,260
23-10-2022,2565,mug,2,530
23-10-2022,2565,flask,1,680
23-10-2022,2565,container,2,1250
23-10-2022,2565,broom,1,170
23-10-2022,2566,tablemats,6,500
23-10-2022,2567,plates,4,2300
23-10-2022,2567,chopping board,1,350
23-10-2022,2568,knife,1,240
23-10-2022,2568,chopping board,1,280
23-10-2022,2569,scissor,1,167
23-10-2022,2569,idli stand,1,2549
23-10-2022,2570,st dabba,1,310
23-10-2022,2570,knife,2,174
23-10-2022,2570,container,2,345
23-10-2022,2571,st dabba,1,635
23-10-2022,2572,st dabba,1,475
23-10-2022,2573,plates,1,160
23-10-2022,2573,bowls,2,80
23-10-2022,2574,st glass,2,115
23-10-2022,2574,plates,3,120
23-10-2022,2575,teaspoons,6,169
23-10-2022,2575,tawa,1,995
23-10-2022,2575,st glass,2,160
23-10-2022,2575,spoons,6,259
23-10-2022,2575,soupspoons,6,259
23-10-2022,2575,plates,1,380
23-10-2022,2575,lota,1,190
23-10-2022,2575,knife,2,179
23-10-2022,2575,glass jar,2,418
23-10-2022,2575,forks,6,259
23-10-2022,2575,bowls,2,110
23-10-2022,2576,saucepan,2,1140
23-10-2022,2576,container,3,750
23-10-2022,2576,container,3,540
23-10-2022,2576,coffee mug,6,690
23-10-2022,2576,bowls,3,116
23-10-2022,2577,spoons,2,80
23-10-2022,2577,plates,1,315
23-10-2022,2577,jar,2,1100
23-10-2022,2577,forks,2,80
23-10-2022,2577,diffuser,1,995
23-10-2022,2577,cookserve,1,755
23-10-2022,2577,bowls,1,225
23-10-2022,2578,st tea strainer,1,100
23-10-2022,2578,st dabba,2,820
23-10-2022,2578,serving spoon,1,175
23-10-2022,2578,plastic bucket,1,835
23-10-2022,2578,coffee mug,1,885
23-10-2022,2578,broom,1,160
25-10-2022,2579,plates,1,345
25-10-2022,2580,plates,2,200
25-10-2022,2580,plastic bucket,1,400
25-10-2022,2580,knife,1,85
25-10-2022,2581,lighter,2,140
25-10-2022,2581,jar set,25,1204
25-10-2022,2581,container,1,640
25-10-2022,2582,chopping board,1,390
25-10-2022,2583,st dabba,1,720
25-10-2022,2583,plastic tub,1,205
25-10-2022,2583,glass,6,550
25-10-2022,2584,glass,6,550
25-10-2022,2585,st tea strainer,1,90
25-10-2022,2585,st stand,1,275
25-10-2022,2586,wiper,1,230
25-10-2022,2586,plates,1,290
25-10-2022,2586,plates,1,250
25-10-2022,2586,cloth clips,1,60
25-10-2022,2586,bowls,4,160
25-10-2022,2587,valve,1,35
25-10-2022,2587,plastic stainer,1,15
25-10-2022,2587,gasket,1,250
25-10-2022,2588,st tea strainer,1,315
25-10-2022,2588,scrub,1,45
25-10-2022,2589,utensil,1,450
25-10-2022,2589,utensil,1,320
25-10-2022,2590,cover,8,550
25-10-2022,2590,cooker,3,780
25-10-2022,2591,idli cooker,1,1795
25-10-2022,2592,flask,1,1310
25-10-2022,2594,food processer,1,10750
25-10-2022,2594,sponge wipe,1,215
25-10-2022,2594,plastic tray,2,120
25-10-2022,2594,plastic dustbin,1,55
25-10-2022,2594,plastic basket,2,530
25-10-2022,2595,cooker,1,4050
25-10-2022,2596,plates,6,585
25-10-2022,2597,tawa,1,465
25-10-2022,2597,st utensil,2,945
25-10-2022,2597,st utensil,3,940
25-10-2022,2597,st strainer,2,165
25-10-2022,2597,sink jali,1,100
25-10-2022,2597,fry pan,1,1165
25-10-2022,2597,chopping board,1,645
25-10-2022,2597,bottle,2,70
25-10-2022,2598,mini grinder,1,1750
25-10-2022,2599,bottle,1,387
25-10-2022,2600,steamer,1,1700
26-10-2022,2601,st gauge,2,650
26-10-2022,2601,dinner spoon,6,259
26-10-2022,2602,saucepan,1,225
26-10-2022,2602,frypan,1,680
26-10-2022,2602,aluminium utensil,1,425
26-10-2022,2603,st utensil,1,185
26-10-2022,2603,st cover,1,65
26-10-2022,2603,st cooker,1,2695
26-10-2022,2603,soap dispenser,1,480
26-10-2022,2604,st strainer,1,345
26-10-2022,2604,plastic strainer,1,150
26-10-2022,2605,appam,1,1233
26-10-2022,2606,st utensil,1,355
26-10-2022,2607,bowls,1,325
26-10-2022,2608,utensil,1,290
26-10-2022,2608,plastic stool,1,530
26-10-2022,2608,plastic mug,2,85
26-10-2022,2608,plastic container,1,409
26-10-2022,2608,plastic basket,1,240
26-10-2022,2608,knife,2,174
26-10-2022,2608,chopper,1,269
26-10-2022,2608,bucket,1,415
26-10-2022,2608,bucket,1,425
26-10-2022,2609,plastic stool,1,570
26-10-2022,2610,st tea strainer,2,160
26-10-2022,2610,st spoon stand,2,240
26-10-2022,2610,st lemon squeezer,1,165
26-10-2022,2610,st container,1,660
26-10-2022,2610,spetula,1,190
26-10-2022,2610,scrub,1,45
26-10-2022,2610,scissor,2,243
26-10-2022,2610,peeler,1,54
26-10-2022,2610,mug,1,45
26-10-2022,2610,LnL container,1,235
26-10-2022,2610,knife,2,174
26-10-2022,2610,knife,1,30
26-10-2022,2610,grater,1,90
26-10-2022,2610,ghee pot,1,120
26-10-2022,2610,frypan,1,1050
26-10-2022,2610,frypan,1,120
26-10-2022,2610,fork,6,199
26-10-2022,2611,st container,1,395
26-10-2022,2612,strainer,1,95
26-10-2022,2612,steamer,1,175
26-10-2022,2612,grater,1,95
26-10-2022,2612,casrol,1,685
26-10-2022,2613,casrol,8,5000
26-10-2022,2614,jug,1,835
26-10-2022,2615,st cover,4,220
26-10-2022,2616,bucket,1,260
26-10-2022,2617,square dish,1,1295
26-10-2022,2618,ice tray,2,254
26-10-2022,2619,bucket,1,400
26-10-2022,2620,jar,2,254
26-10-2022,2621,bucket,1,210
26-10-2022,2622,st serving spoon,1,96
26-10-2022,2622,sink net,2,200
26-10-2022,2622,scrub,1,40
26-10-2022,2622,plastic soap box,2,60
26-10-2022,2622,plastic mug,2,80
26-10-2022,2622,plastic bucket,3,1115
26-10-2022,2622,plastic basket,1,258
26-10-2022,2622,masala spoon,4,100
26-10-2022,2622,flask,1,769
26-10-2022,2623,sink net,1,100
26-10-2022,2623,utensil,1,3760
26-10-2022,2623,jar,2,698
26-10-2022,2623,glass,6,1980
26-10-2022,2623,dinner spoon,6,229
26-10-2022,2623,dinner fork,6,229
26-10-2022,2623,diffuser,1,695
26-10-2022,2624,plastic container,1,280
26-10-2022,2624,LnL container,6,240
26-10-2022,2624,LnL container,6,180
26-10-2022,2624,LnL container,1,25
27-10-2022,2625,sauce pan,1,420
27-10-2022,2626,st cover,1,87
27-10-2022,2626,plastic bucket,1,525
27-10-2022,2626,broom,1,260
27-10-2022,2628,toilet brush,1,260
27-10-2022,2628,scrub,2,20
27-10-2022,2629,knife,1,87
27-10-2022,2629,jar,3,225
27-10-2022,2629,bucket,1,325
27-10-2022,2629,bottle,1,216
27-10-2022,2630,soap dispenser,1,220
27-10-2022,2630,plastic container,1,80
27-10-2022,2630,plastic container,1,30
27-10-2022,2631,st tea strainer,1,360
27-10-2022,2631,container,2,430
27-10-2022,2631,bowls,1,310
27-10-2022,2631,bottle,6,744
27-10-2022,2632,st tea strainer,6,216
27-10-2022,2632,st glass,4,320
27-10-2022,2633,mug,2,120
27-10-2022,2633,container,12,8249
27-10-2022,2633,container,4,4920
27-10-2022,2634,st dabba,1,230
27-10-2022,2635,plastic dabba,1,75
27-10-2022,2635,dabba,1,195
27-10-2022,2635,bottle,2,248
27-10-2022,2636,jar,1,385
27-10-2022,2636,flask,1,880
27-10-2022,2637,tawa,1,960
27-10-2022,2638,st tea strainer,3,210
27-10-2022,2639,st tea strainer,3,270
27-10-2022,2639,plastic container,1,99
27-10-2022,2639,plastic bosset,1,80
27-10-2022,2639,peeler,1,40
27-10-2022,2639,mug,2,80
27-10-2022,2639,jar,10,900
27-10-2022,2639,jar,24,864
27-10-2022,2639,jar,3,225
27-10-2022,2639,dustbin,1,300
27-10-2022,2639,clip cloth,1,100
27-10-2022,2639,bucket,1,375
27-10-2022,2639,brush,1,40
27-10-2022,2640,mug,1,35
27-10-2022,2640,mug,1,35
27-10-2022,2640,dustbin,1,210
27-10-2022,2640,dustbin,1,210
27-10-2022,2640,dustbin,1,85
27-10-2022,2640,dustbin,1,85
27-10-2022,2640,bucket,1,275
27-10-2022,2640,bucket,1,275
27-10-2022,2641,st utensil,2,510
27-10-2022,2641,st tea strainer,1,80
27-10-2022,2641,st cover,2,190
27-10-2022,2641,st cover,1,150
27-10-2022,2641,pen,1,535
27-10-2022,2641,brush,2,110
27-10-2022,2642,jar,3,600
27-10-2022,2642,container,1,990
27-10-2022,2643,flask,1,745
27-10-2022,2644,valve,1,25
27-10-2022,2644,prestige whisle,1,200
27-10-2022,2644,prestige ring,1,95
27-10-2022,2644,plastic strainer,1,30
27-10-2022,2645,tea spoon,6,169
27-10-2022,2645,st tea strainer,2,150
27-10-2022,2645,spoon,6,129
27-10-2022,2645,glass,6,525
27-10-2022,2645,fruit fork,6,149
27-10-2022,2645,broom,1,200
27-10-2022,2645,bathroom set,1,1095
27-10-2022,2645,baby fork,6,199
27-10-2022,2646,plastic soap box,1,50
27-10-2022,2646,plastic bowl,1,235
27-10-2022,2646,peeler,1,54
27-10-2022,2646,jar,1,36
27-10-2022,2646,filter,2,60
27-10-2022,2646,container,1,195
27-10-2022,2646,bottle,1,60
27-10-2022,2647,grater,1,425
27-10-2022,2647,glass,6,400
27-10-2022,2648,jar,1,460
27-10-2022,2648,bottle,1,270
27-10-2022,2649,cup saucer,6,690
27-10-2022,2650,plastic tub,1,85
27-10-2022,2650,plastic mug,1,55
27-10-2022,2650,plastic bucket,1,475
27-10-2022,2651,st dabba,1,325
27-10-2022,2652,jar,1,3200
28-10-2022,2653,container,1,275
28-10-2022,2654,tawa,1,1570
28-10-2022,2655,valve,1,35
28-10-2022,2655,tawa,1,1090
28-10-2022,2655,spoon,6,185
28-10-2022,2655,aluminium utensil,1,360
28-10-2022,2656,tawa,1,1929
28-10-2022,2656,st idli stand,1,270
28-10-2022,2656,scrub,1,80
28-10-2022,2656,presser pan,1,3665
28-10-2022,2657,st dabba,1,320
28-10-2022,2658,glass,6,500
28-10-2022,2659,st strainer,1,410
28-10-2022,2660,stool,1,460
28-10-2022,2661,st dabba,3,510
28-10-2022,2662,mug,1,270
28-10-2022,2663,lighter,1,125
28-10-2022,2664,tawa,1,795
28-10-2022,2664,bowls,6,780
28-10-2022,2664,borosil dish,1,1345
28-10-2022,2665,jar set,6,132
28-10-2022,2665,jar set,1,70
28-10-2022,2666,glass,6,725
28-10-2022,2667,st strainer,1,80
28-10-2022,2667,plastic spray bottle,1,50
28-10-2022,2667,dustbin,1,50
28-10-2022,2667,container,1,200
28-10-2022,2667,bottle,2,70
28-10-2022,2668,water jug,1,650
28-10-2022,2668,mug,1,120
28-10-2022,2668,cooker handle,1,70
28-10-2022,2669,st dabba,1,260
28-10-2022,2669,bake dish,1,745
28-10-2022,2670,casrol,1,1520
28-10-2022,2671,st glass,2,160
28-10-2022,2671,plastic bowl,1,40
28-10-2022,2671,mug,6,465
28-10-2022,2671,flask,1,1290
28-10-2022,2672,tawa,1,960
28-10-2022,2672,st sering spoon,9,947
28-10-2022,2672,scissor,1,176
28-10-2022,2672,filter,2,55
28-10-2022,2672,butter box,1,175
28-10-2022,2672,bread box,1,362
28-10-2022,2673,st cover,2,150
28-10-2022,2673,st cover,3,130
28-10-2022,2673,st bowl,2,230
28-10-2022,2673,st bowl,2,200
28-10-2022,2673,jar,1,45
28-10-2022,2673,cover,2,100
28-10-2022,2674,glass,6,330
28-10-2022,2675,tawa,1,2000
28-10-2022,2675,glass,6,2400
28-10-2022,2676,soup spoon,4,120
28-10-2022,2676,scissor,1,310
28-10-2022,2676,mug,2,120
28-10-2022,2676,utensil,1,1355
28-10-2022,2676,container,4,200
28-10-2022,2676,bake and serve,1,875
28-10-2022,2677,mug,6,415
28-10-2022,2678,scrub,2,60
28-10-2022,2678,container,1,199
28-10-2022,2678,bowls,1,445
28-10-2022,2678,bowls,1,420
28-10-2022,2679,st utensil,2,610
28-10-2022,2679,ring and walve,1,70
28-10-2022,2679,cover,2,165
28-10-2022,2680,st dabba,1,690
28-10-2022,2681,dinner set,1,3200
28-10-2022,2682,kettle,1,1380
28-10-2022,2683,mug,2,296
28-10-2022,2684,tawa,1,860
28-10-2022,2684,plastic brush,2,64
28-10-2022,2684,plastic basket,1,410
28-10-2022,2684,container,2,100
28-10-2022,2684,chopping board,1,550
28-10-2022,2685,spoon holder,1,185
28-10-2022,2685,napkin,1,50
28-10-2022,2685,mop,1,850
28-10-2022,2686,bowls,1,435
28-10-2022,2686,bowls,1,235
28-10-2022,2687,toothbrush,1,165
28-10-2022,2687,mug,1,100
28-10-2022,2688,st tea strainer,1,315
28-10-2022,2688,utensil,1,400
28-10-2022,2688,utensil,1,320
28-10-2022,2689,plates,1,260
28-10-2022,2690,tiffin,1,1060
28-10-2022,2690,jar,1,235
28-10-2022,2691,plastic basket,1,375
28-10-2022,2692,spoon holder,1,285
28-10-2022,2693,plates,1,100
28-10-2022,2693,pakad,1,75
28-10-2022,2693,glass,1,170
28-10-2022,2693,cover,1,45
28-10-2022,2693,bucket,1,245
28-10-2022,2694,mug,2,140
28-10-2022,2694,mug,2,120
28-10-2022,2694,mop,1,690
28-10-2022,2694,bucket,2,1300
28-10-2022,2694,bucket,2,1050
28-10-2022,2694,bucket,1,800
29-10-2022,2695,stl spoon,1,93
29-10-2022,2695,spoon,2,50
29-10-2022,2695,LnL container,1,365
29-10-2022,2695,grater,1,190
29-10-2022,2695,glass,1,125
29-10-2022,2695,clip cloth,1,155
29-10-2022,2695,bucket,1,250
29-10-2022,2696,stand,1,40
29-10-2022,2696,plastic soap box,1,45
29-10-2022,2696,hook,1,75
29-10-2022,2696,glass,1,175
29-10-2022,2696,dinner set,1,995
29-10-2022,2696,brush,1,90
29-10-2022,2696,bottle,1,130
29-10-2022,2697,tiffin,1,1345
29-10-2022,2697,bottle,1,395
29-10-2022,2698,bottle,1,1649
29-10-2022,2699,utensil,1,465
29-10-2022,2699,fry pan,1,400
29-10-2022,2700,wiper,1,240
29-10-2022,2700,stand,3,195
29-10-2022,2700,st tea strainer,2,155
29-10-2022,2700,st dabba,1,635
29-10-2022,2700,plates,2,460
29-10-2022,2700,oil dispencer,1,395
29-10-2022,2700,jar,2,92
29-10-2022,2700,baby spoon,6,199
29-10-2022,2701,st dabba,1,215
29-10-2022,2702,st utensil,1,1013
29-10-2022,2702,st utensil,1,330
29-10-2022,2702,st dabba,2,1080
29-10-2022,2702,plastic container,1,385
29-10-2022,2702,jar,4,920
29-10-2022,2702,jar,4,740
29-10-2022,2702,jar,4,600
29-10-2022,2702,jar,3,389
29-10-2022,2702,cup saucer,2,595
29-10-2022,2702,cover,1,275
29-10-2022,2702,butter dish,1,145
29-10-2022,2702,bowls,2,500
29-10-2022,2702,bowls,2,440
29-10-2022,2702,bowls,2,330
29-10-2022,2703,st tea strainer,1,90
29-10-2022,2703,st stand,1,275
29-10-2022,2704,wiper,1,230
29-10-2022,2704,plates,1,290
29-10-2022,2704,plates,1,250
29-10-2022,2704,cloth clips,1,60
29-10-2022,2704,bowls,4,160
29-10-2022,2705,valve,1,35
29-10-2022,2705,plastic stainer,1,15
29-10-2022,2705,gasket,1,250
29-10-2022,2706,st tea strainer,1,315
29-10-2022,2706,scrub,1,45
29-10-2022,2707,utensil,1,450
29-10-2022,2707,utensil,1,320
29-10-2022,2708,cover,8,550
29-10-2022,2708,cooker,3,780
29-10-2022,2709,idli cooker,1,1795
29-10-2022,2710,flask,1,1310
29-10-2022,2711,food processer,1,10750
29-10-2022,2712,sponge wipe,1,215
29-10-2022,2712,plastic tray,2,120
29-10-2022,2712,plastic dustbin,1,55
29-10-2022,2712,plastic basket,2,530
